"Company","Job Title","Location","Experience","Job Description","Key Skills"
"Accenture Solutions Pvt Ltd (Accenture)","Responsible AI Engineer","Bengaluru","15 to 20 years (job title); Minimum 12 years required (job description)","Project Role: Responsible AI Engineer

Project Role Description: Assess AI systems for adherence to predefined thresholds and benchmarks related to responsible, ethical and sustainable practices. Design and implement technology mitigation strategies for systems to ensure ethical and responsible standards are achieved.

Must have skills: Responsible AI

Good to have skills: NA

Minimum 12 year(s) of experience is required

Educational Qualification: 15 years full time education

Summary: As a Responsible AI Engineer, you will engage in the critical assessment of artificial intelligence systems to ensure they meet established thresholds and benchmarks for responsible, ethical, and sustainable practices. Your typical day will involve designing and implementing technology mitigation strategies that uphold ethical standards, collaborating with various teams to address challenges, and contributing to the development of innovative solutions that promote responsible AI usage across the organization.

Roles & Responsibilities:
- Expected to be an SME.
- Collaborate and manage the team to perform.
- Responsible for team decisions.
- Engage with multiple teams and contribute on key decisions.
- Expected to provide solutions to problems that apply across multiple teams.
- Facilitate training sessions to enhance team understanding of responsible AI practices.
- Monitor and evaluate the effectiveness of implemented strategies to ensure compliance with ethical standards.

Professional & Technical Skills:
Must To Have Skills:
- Proficiency in Responsible AI.
- Strong understanding of ethical AI frameworks and guidelines.
- Experience with risk assessment methodologies related to AI systems.
- Ability to analyze and interpret data to inform decision-making.
- Familiarity with regulatory requirements and compliance standards in AI.

Additional Information:
- The candidate should have minimum 12 years of experience in Responsible AI.
- This position is based at our Bengaluru office.
- A 15 years full time education is required.

Qualification: 15 years full time education

Role: Blockchain Quality Assurance Engineer
Industry Type: IT Services & Consulting
Department: Engineering - Software & QA
Employment Type: Full Time, Permanent
Role Category: Quality Assurance and Testing
Education - UG: B.Tech / B.E. in Any Specialization
Education - PG: Any Postgraduate","Python, Machine Learning, Artificial Intelligence, JavaScript, Assessment, C#, CSS, C++, Natural Language Processing, Automation Testing, Neural Networks, Ajax, jQuery, SQL Server, SQL, Deep Learning, Java, Computer Vision, PHP, HTML, MySQL, TestNG"
